id,type,year,title,url,venue,relevance_one_line
EN-001,journal,1992,Simple Technical Trading Rules and the Stochastic Properties of Stock Returns,https://doi.org/10.1111/j.1540-6261.1992.tb04681.x,The Journal of Finance,Brock-Lakonishok-LeBaron classic: technical trading rules on the Dow; the original evidence and its data-snooping caveats.
EN-002,journal,2010,Trend-following trading strategies in commodity futures: A re-examination,https://doi.org/10.1016/j.jbankfin.2009.08.004,Journal of Banking & Finance,Commodity trend-following rules profitable over decades; out-of-sample support for simple trend filters.
EN-003,working-ssrn,2011,Momentum Strategies in Futures Markets and Trend-following Funds,https://doi.org/10.2139/ssrn.1968996,SSRN working paper,Baltas-Kosowski: TSMOM in futures explains CTA returns; capacity and correlation structure of trend strategies.
EN-004,journal,2012,Time series momentum,https://doi.org/10.1016/j.jfineco.2011.11.003,Journal of Financial Economics,Canonical TSMOM paper: 12m own-return sign predicts futures returns across 58 assets; basis for our absolute-momentum gates.
EN-005,journal,2013,A New Anomaly: The Cross-Sectional Profitability of Technical Analysis,https://doi.org/10.1017/s0022109013000586,Journal of Financial and Quantitative Analysis,Han-Yang-Zhou: MA timing on volatility-sorted portfolios earns large cross-sectional profits; technical analysis as anomaly.
EN-006,journal,2014,Forecasting the Equity Risk Premium: The Role of Technical Indicators,https://doi.org/10.1287/mnsc.2013.1838,Management Science,"Neely et al: technical indicators forecast equity premium as well as macro variables, especially in recessions."
EN-007,working-ssrn,2014,Risk Adjusted Time Series Momentum,https://doi.org/10.2139/ssrn.2457647,SSRN working paper,Risk-adjusted TSMOM: scaling positions by vol improves crisis behavior; template for our vol-targeted books.
EN-008,journal,2014,The real-life performance of market timing with moving average and time-series momentum rules,https://doi.org/10.1057/jam.2014.25,Journal of Asset Management,Zakamulin: realistic out-of-sample market timing with MA/TSMOM is far weaker than in backtests; anti-overfit caution.
EN-009,arxiv,2014,Two Centuries of Trend Following,https://arxiv.org/abs/1404.3274,arXiv preprint,CFM: trend following statistically significant for two centuries across all asset classes; deep prior for trend persistence.
EN-010,working-ssrn,2016,The Enduring Effect of Time-Series Momentum on Stock Returns Over Nearly 100-Years,https://doi.org/10.2139/ssrn.2720600,SSRN working paper,TSMOM on US stocks over ~100 years remains profitable; long-sample robustness for time-series rules.
EN-011,journal,2016,"The trend is our friend: Risk parity, momentum and trend following in global asset allocation",https://doi.org/10.1016/j.jbef.2016.01.002,Journal of Behavioral and Experimental Finance,Clare et al: trend following beats buy-and-hold in global multi-asset allocation; direct TAA evidence.
EN-012,journal,2016,Time series momentum and volatility scaling,https://doi.org/10.1016/j.finmar.2016.05.003,Journal of Financial Markets,Shows TSMOM profits largely come from volatility scaling; relevant to our inverse-vol weighting choice.
EN-013,journal,2016,Which Trend Is Your Friend?,https://doi.org/10.2469/faj.v72.n3.3,Financial Analysts Journal,Levine-Pedersen: which trend definition (MA crossovers vs returns) matters less than vol scaling and horizon.
EN-014,journal,2017,A Century of Evidence on Trend-Following Investing,https://doi.org/10.3905/jpm.2017.44.1.015,The Journal of Portfolio Management,Hurst-Ooi-Pedersen: trend following profitable in every decade since 1880; long-horizon prior for trend overlays.
EN-015,journal,2017,The Trend Is Your Friend: Time-Series Momentum Strategies across Equity and Commodity Markets,https://doi.org/10.1093/rof/rfw048,Review of Finance,TSMOM works across international equity and commodity markets; supports cross-market generalization of our ETF rules.
EN-016,journal,2017,Time series momentum and moving average trading rules,https://doi.org/10.1080/14697688.2016.1205209,Quantitative Finance,Proves TSMOM and moving-average rules are near-equivalent signals; justifies treating MA filters as TSMOM variants.
EN-017,journal,2018,Cross-Sectional and Time-Series Tests of Return Predictability: What Is the Difference?,https://doi.org/10.1093/rfs/hhx131,The Review of Financial Studies,Goyal-Jegadeesh: TS vs XS momentum difference is mostly the net long position; clarifies what our long-only rotation actually harvests.
EN-018,journal,2019,Factor Momentum Everywhere,https://doi.org/10.3905/jpm.2019.45.3.013,The Journal of Portfolio Management,Gupta-Kelly: momentum of factor returns themselves is pervasive; factor-of-factor timing evidence.
EN-019,working-ssrn,2019,Momentum Turning Points,https://doi.org/10.2139/ssrn.3489539,SSRN Electronic Journal,Garg-Goulding-Harvey-Mazzoleni: momentum turning points (slow vs fast signal disagreement) drive strategy risk; motivates dual-lookback gates.
EN-020,book-chapter,2020,"Demystifying Time-Series Momentum Strategies: Volatility Estimators, Trading Rules and Pairwise Correlations",https://doi.org/10.1002/9781119599364.ch3,Market Momentum,"Baltas-Kosowski follow-up: volatility estimators, trading rules and pairwise correlations materially change TSMOM Sharpe."
EN-021,journal,2020,Time series momentum: Is it there?,https://doi.org/10.1016/j.jfineco.2019.08.004,Journal of Financial Economics,Huang-Li-Wang-Zhou critique: TSMOM t-stats weak asset-by-asset; sign rule partly fits the mean - keep expectations honest.
EN-022,journal,2022,Factor Momentum and the Momentum Factor,https://doi.org/10.1111/jofi.13131,The Journal of Finance,Ehsani-Linnainmaa: stock momentum largely reflects factor momentum; changes what a momentum screen actually picks up.
EN-023,journal,2023,Factor Momentum,https://doi.org/10.1093/rfs/hhad006,The Review of Financial Studies,Arnott et al: factor momentum is strongest in the first month and concentrated in unpriced factors.
EN-024,journal,2024,Breaking Bad Trends,https://doi.org/10.1080/0015198x.2023.2270084,Financial Analysts Journal,Breaking Bad Trends: dynamic trend speed selection cuts whipsaw losses at turning points; practical fix we can borrow.
EN-025,arxiv,2026,The Science and Practice of Trend-Following Systems,https://arxiv.org/abs/2607.19497,arXiv preprint,"Sepp-Lucic 2026: comprehensive practitioner treatment of trend system design choices (signals, sizing, portfolio construction)."
EN-026,journal,1993,Returns to Buying Winners and Selling Losers: Implications for Stock Market Efficiency,https://doi.org/10.1111/j.1540-6261.1993.tb04702.x,The Journal of Finance,Jegadeesh-Titman 1993: the original 3-12 month winner-loser momentum; foundation of every relative-strength rule we run.
EN-027,journal,1997,On Persistence in Mutual Fund Performance,https://doi.org/10.1111/j.1540-6261.1997.tb03808.x,The Journal of Finance,Carhart: adds UMD to the 3-factor model; the standard benchmark for judging momentum alpha.
EN-028,journal,1997,The Interaction of Value and Momentum Strategies,https://doi.org/10.2469/faj.v53.n2.2069,Financial Analysts Journal,Asness: momentum works best among expensive stocks and vice versa; value-momentum interaction mechanics.
EN-029,journal,1998,A model of investor sentiment,https://doi.org/10.1016/s0304-405x(98)00027-0,Journal of Financial Economics,Barberis-Shleifer-Vishny: conservatism and representativeness produce underreaction (momentum) and overreaction (reversal).
EN-030,journal,1998,International Momentum Strategies,https://doi.org/10.1111/0022-1082.95722,The Journal of Finance,Rouwenhorst: momentum in 12 European markets; first major out-of-sample international confirmation.
EN-031,journal,1998,Investor Psychology and Security Market Under- and Overreactions,https://doi.org/10.1111/0022-1082.00077,The Journal of Finance,Daniel-Hirshleifer-Subrahmanyam: overconfidence and self-attribution as the behavioral engine of momentum.
EN-032,journal,1999,"A Unified Theory of Underreaction, Momentum Trading, and Overreaction in Asset Markets",https://doi.org/10.1111/0022-1082.00184,The Journal of Finance,Hong-Stein model: gradual information diffusion plus trend chasers generate momentum then reversal.
EN-033,journal,1999,Do Industries Explain Momentum?,https://doi.org/10.1111/0022-1082.00146,The Journal of Finance,Moskowitz-Grinblatt: industry momentum subsumes much of stock momentum; direct motivation for sector/ETF rotation.
EN-034,journal,2000,"Bad News Travels Slowly: Size, Analyst Coverage, and the Profitability of Momentum Strategies",https://doi.org/10.1111/0022-1082.00206,The Journal of Finance,"Hong-Lim-Stein: momentum strongest in small, low-analyst-coverage stocks; information diffusion evidence."
EN-035,journal,2001,Profitability of Momentum Strategies: An Evaluation of Alternative Explanations,https://doi.org/10.1111/0022-1082.00342,The Journal of Finance,Jegadeesh-Titman 2001: momentum persists out-of-sample post-publication with long-horizon reversal; behavioral interpretation.
EN-036,journal,2001,Understanding the Nature of the Risks and the Source of the Rewards to Momentum Investing,https://doi.org/10.1093/rfs/14.1.29,Review of Financial Studies,Grundy-Martin: momentum's dynamic factor exposures create crash risk when hedged naively; early crash warning.
EN-037,journal,2002,Momentum and Autocorrelation in Stock Returns,https://doi.org/10.1093/rfs/15.2.533,Review of Financial Studies,Lewellen: momentum in size/BM portfolios too large for individual-stock underreaction stories alone.
EN-038,journal,2003,Momentum Investing and Business Cycle Risk: Evidence from Pole to Pole,https://doi.org/10.1046/j.1540-6261.2003.00614.x,The Journal of Finance,"Griffin-Ji-Martin: momentum profits worldwide, weakly related to business-cycle risk; hard to explain as risk premium."
EN-039,journal,2004,Market States and Momentum,https://doi.org/10.1111/j.1540-6261.2004.00665.x,The Journal of Finance,Cooper-Gutierrez-Hameed: momentum profits follow UP markets and vanish after DOWN markets; simple regime conditioning.
EN-040,journal,2004,The 52-Week High and Momentum Investing,https://doi.org/10.1111/j.1540-6261.2004.00695.x,The Journal of Finance,George-Hwang: distance to 52-week high beats past returns as a momentum signal; anchoring-based alternative ranking.
EN-041,journal,2007,Momentum and Credit Rating,https://doi.org/10.1111/j.1540-6261.2007.01282.x,The Journal of Finance,Avramov et al: momentum concentrated in low-credit-quality firms; junk drives the anomaly.
EN-042,journal,2008,Seasonality in the cross-section of stock returns,https://doi.org/10.1016/j.jfineco.2007.02.003,Journal of Financial Economics,Heston-Sadka: 12-month-multiple seasonality in returns; contaminates naive momentum lookbacks.
EN-043,journal,2010,Individualism and Momentum around the World,https://doi.org/10.1111/j.1540-6261.2009.01532.x,The Journal of Finance,Chui-Titman-Wei: momentum strength varies with individualism across countries; why China momentum differs.
EN-044,journal,2012,Is momentum really momentum?,https://doi.org/10.1016/j.jfineco.2011.05.003,Journal of Financial Economics,"Novy-Marx: momentum driven by 12-7 month returns, not recent ones; lookback window selection matters."
EN-045,journal,2012,"Size, value, and momentum in international stock returns",https://doi.org/10.1016/j.jfineco.2012.05.011,Journal of Financial Economics,Fama-French: size/value/momentum in four global regions; momentum everywhere except Japan.
EN-046,journal,2013,"The role of shorting, firm size, and time on market anomalies",https://doi.org/10.1016/j.jfineco.2012.11.005,Journal of Financial Economics,Israel-Moskowitz: momentum robust across size and time; shorting is not essential - supports long-only implementations.
EN-047,journal,2013,Value and Momentum Everywhere,https://doi.org/10.1111/jofi.12021,The Journal of Finance,"Asness-Moskowitz-Pedersen: value and momentum premia everywhere, negatively correlated; core case for combining them."
EN-048,journal,2014,"Fact, Fiction, and Momentum Investing",https://doi.org/10.3905/jpm.2014.40.5.075,The Journal of Portfolio Management,"AQR's fact-check of momentum myths (costs, taxes, decay); practical rebuttals with data."
EN-049,journal,2014,Frog in the Pan: Continuous Information and Momentum,https://doi.org/10.1093/rfs/hhu003,Review of Financial Studies,Frog-in-the-pan: continuous small news generates stronger momentum than discrete jumps; signal-quality filter idea.
EN-050,working-nber,2014,"Momentum Trading, Return Chasing, and Predictable Crashes",https://doi.org/10.3386/w20660,NBER working paper,"Chabot-Ghysels-Jagannathan: Victorian-era momentum also crashed predictably; crashes are intrinsic, not modern."
EN-051,journal,2016,Dissecting Anomalies with a Five-Factor Model,https://doi.org/10.1093/rfs/hhv043,Review of Financial Studies,Fama-French: five-factor lens on anomalies; momentum survives as the big unexplained one.
EN-052,journal,2016,Return Seasonalities,https://doi.org/10.1111/jofi.12398,The Journal of Finance,Keloharju-Linnainmaa-Nyberg: return seasonalities pervade all major anomalies including momentum.
EN-053,journal,2016,Two Centuries of Price-Return Momentum,https://doi.org/10.2469/faj.v72.n5.1,Financial Analysts Journal,Geczy-Samonov: 212 years of US momentum including its worst crashes; longest-sample stress test.
EN-054,journal,2018,Momentum in Imperial Russia,https://doi.org/10.1016/j.jfineco.2018.07.008,Journal of Financial Economics,Momentum in 1865-1914 Imperial Russia; pre-modern out-of-sample confirmation.
EN-055,journal,2019,Sticky Expectations and the Profitability Anomaly,https://doi.org/10.1111/jofi.12734,The Journal of Finance,Bouchaud et al: sticky analyst expectations explain profitability momentum; mechanism evidence.
EN-056,journal,2010,Cross-Sectional Return Dispersion and Time Variation in Value and Momentum Premiums,https://doi.org/10.1017/s0022109010000384,Journal of Financial and Quantitative Analysis,Stivers-Sun: cross-sectional return dispersion predicts momentum premium sign; cheap regime signal.
EN-057,working-nber,2012,Tail Risk in Momentum Strategy Returns,https://doi.org/10.3386/w18169,NBER working paper,Daniel-Jagannathan-Kim: hidden Markov model of momentum tail risk; regime-switching crash detection.
EN-058,journal,2015,Market volatility and momentum,https://doi.org/10.1016/j.jempfin.2014.11.009,Journal of Empirical Finance,"Wang-Xu: market volatility forecasts momentum payoffs, especially after down markets."
EN-059,journal,2015,Momentum has its moments,https://doi.org/10.1016/j.jfineco.2014.11.010,Journal of Financial Economics,Barroso-Santa-Clara: scaling momentum by its own realized vol doubles Sharpe and kills crashes; direct recipe.
EN-060,journal,2016,Momentum crashes,https://doi.org/10.1016/j.jfineco.2015.12.002,Journal of Financial Economics,Daniel-Moskowitz: momentum crashes in panic states via short-leg optionality; the paper our crash-overlay logic descends from.
EN-061,journal,2017,Volatility-Managed Portfolios,https://doi.org/10.1111/jofi.12513,The Journal of Finance,Moreira-Muir: vol-managed versions of major factors raise alpha; theoretical basis for vol targeting.
EN-062,journal,2018,Risk Everywhere: Modeling and Managing Volatility,https://doi.org/10.1093/rfs/hhy041,The Review of Financial Studies,Bollerslev et al: realized-vol modeling across assets; the estimation layer under any vol-managed book.
EN-063,journal,2018,Risk-managed industry momentum and momentum crashes,https://doi.org/10.1080/14697688.2017.1420211,Quantitative Finance,Risk-managed industry momentum: constant-vol scaling fixes industry momentum crashes; sector-level fix relevant to ETF rotation.
EN-064,journal,2018,The Impact of Volatility Targeting,https://doi.org/10.3905/jpm.2018.45.1.014,The Journal of Portfolio Management,Man/AHL study: vol targeting improves Sharpe mainly for risk assets and cuts left tails; supports our 16% vol target.
EN-065,journal,2020,"Left-tail momentum: Underreaction to bad news, costly arbitrage and equity returns",https://doi.org/10.1016/j.jfineco.2019.07.006,Journal of Financial Economics,Left-tail momentum: stocks with recent large losses keep underperforming; asymmetric-tail complement to winner momentum.
EN-066,journal,2020,On the performance of volatility-managed portfolios,https://doi.org/10.1016/j.jfineco.2020.04.015,Journal of Financial Economics,Cederburg et al: vol-managed portfolios fail in real-time spanning tests for most factors; sobering counterpoint.
EN-067,journal,2020,Strategic Rebalancing,https://doi.org/10.3905/jpm.2020.1.150,The Journal of Portfolio Management,Strategic rebalancing: mechanical rebalance timing interacts with momentum; trade-scheduling insight for weekly rebalances.
EN-068,journal,2021,Do limits to arbitrage explain the benefits of volatility-managed portfolios?,https://doi.org/10.1016/j.jfineco.2021.02.009,Journal of Financial Economics,Barroso-Detzel: vol management's benefits survive costs mainly for momentum; limits-to-arbitrage explanation.
EN-069,journal,2022,Isolating momentum crashes,https://doi.org/10.1016/j.jempfin.2021.12.001,Journal of Empirical Finance,Dierkes-Krupski: ex-ante beta/vol crash indicator isolates momentum crashes; implementable overlay that beats prior fixes.
EN-070,journal,2023,Commodity momentum decomposition,https://doi.org/10.1002/fut.22382,Journal of Futures Markets,Commodity momentum decomposition: separates auto-covariance vs cross-covariance sources; diagnostic for signal design.
EN-071,journal,2023,Enhanced momentum strategies,https://doi.org/10.1016/j.jbankfin.2022.106712,Journal of Banking & Finance,"Hanauer-Windmueller: enhanced (vol-scaled, crash-aware) momentum works internationally after costs."
EN-072,journal,2023,Momentum Crashes and the 52-Week High,https://doi.org/10.1080/0015198x.2023.2183706,Financial Analysts Journal,Byun-Jeon 2023: neutralizing the 52-week-high effect attenuates momentum crashes and lifts Sharpe.
EN-073,working-ssrn,2023,"Momentum, Market Volatility, and Reversal",https://doi.org/10.2139/ssrn.4478316,SSRN working paper,Butt-Kolari-Sadaqat 2023-24 SSRN: switch momentum-to-reversal when volatility is high; constant-leverage crash avoidance.
EN-074,journal,2024,Decomposing momentum: The forgotten component,https://doi.org/10.1016/j.jbankfin.2024.107292,Journal of Banking & Finance,Buesing et al 2024: the 'forgotten' overnight/intraday component of momentum; decomposition matters for T+1 fills.
EN-075,journal,2025,Momentum is still there conditional on volatility-amplified pessimism,https://doi.org/10.1016/j.jempfin.2025.101653,Journal of Empirical Finance,2025: momentum survives conditional on volatility-amplified pessimism; newest regime-conditioning evidence.
EN-076,journal,2025,"Understanding price momentum, market fluctuations, and crashes: insights from the extended Samuelson model",https://doi.org/10.1186/s40854-024-00743-y,Financial Innovation,"2025: extended Samuelson model linking momentum, fluctuations and crashes in one framework."
EN-077,arxiv,2026,Tail Risk Management with Puts and Trend Following: A CVaR Framework for Crashes,https://arxiv.org/abs/2607.00883,arXiv preprint,2026 arXiv: CVaR framework combining puts with trend following for crash protection; overlay cost-benefit analysis.
EN-078,arxiv,2026,Taming the Black Swan: A Momentum-Gated Hierarchical Optimisation Framework,https://arxiv.org/abs/2604.09060,arXiv preprint,2026 arXiv: momentum-gated hierarchical optimisation aimed at black-swan drawdowns; recent crash-management design.
EN-079,journal,2007,"Momentum, reversal, and the trading behaviors of institutions",https://doi.org/10.1016/j.finmar.2006.09.002,Journal of Financial Markets,Gutierrez-Pirinsky: institutions trade residual returns; why residual momentum has a distinct clientele.
EN-080,journal,2011,Residual momentum,https://doi.org/10.1016/j.jempfin.2011.01.003,Journal of Empirical Finance,Blitz-Huij-Martens: momentum on FF3 residuals halves factor risk and doubles Sharpe; the residual-momentum blueprint (our RMDC).
EN-081,journal,2013,Short-term residual reversal,https://doi.org/10.1016/j.finmar.2012.10.005,Journal of Financial Markets,Blitz et al: short-term residual reversal profits; the mean-reversion mirror of residual momentum at short horizons.
EN-082,journal,2018,Alpha Momentum and Price Momentum,https://doi.org/10.3390/ijfs6020049,International Journal of Financial Studies,Huehn-Scholz: alpha momentum (ranking on estimated alphas) vs price momentum; alternative residual-type ranking.
EN-083,journal,2018,Residual momentum in Japan,https://doi.org/10.1016/j.jempfin.2017.11.005,Journal of Empirical Finance,Residual momentum profitable in Japan where raw momentum famously fails; strongest possible out-of-sample test.
EN-084,journal,2020,The idiosyncratic momentum anomaly,https://doi.org/10.1016/j.iref.2020.05.008,International Review of Economics & Finance,Blitz-Hanauer-Vidojevic: idiosyncratic momentum works globally and survives factor adjustments; robustness of residual momentum.
EN-085,journal,2000,Industry Momentum and Sector Mutual Funds,https://doi.org/10.2469/faj.v56.n4.2372,Financial Analysts Journal,O'Neal: sector-fund momentum rotation profitable pre-ETF; earliest sector-rotation fund evidence.
EN-086,journal,2007,A Quantitative Approach to Tactical Asset Allocation,https://doi.org/10.3905/jwm.2007.674809,The Journal of Wealth Management,Faber: 10-month SMA timing on five asset classes; the classic TAA baseline every rotation book is judged against.
EN-087,working-ssrn,2010,Relative Strength Strategies for Investing,https://doi.org/10.2139/ssrn.1585517,SSRN working paper,Faber: top-N relative strength rotation among sectors/assets; direct ancestor of our ETF rotation rules.
EN-088,working-ssrn,2012,Market Timing with Moving Averages,https://doi.org/10.2139/ssrn.2135337,SSRN working paper,Glabadanidis: MA timing looks great but is plagued by look-ahead/microstructure issues; required skepticism.
EN-089,working-ssrn,2012,Risk Premia Harvesting Through Dual Momentum,https://doi.org/10.2139/ssrn.2042750,SSRN working paper,Antonacci: dual momentum = relative strength across modules + absolute momentum gate; the GEM design our GEM book copies.
EN-090,working-ssrn,2013,Absolute Momentum: A Simple Rule-Based Strategy and Universal Trend-Following Overlay,https://doi.org/10.2139/ssrn.2244633,SSRN Electronic Journal,Antonacci: absolute momentum as a universal trend overlay - the 12m excess-return gate we use for risk-off.
EN-091,book,2014,Dual Momentum Investing: An Innovative Strategy for Higher Returns with Lower Risk,https://www.mheducation.com/highered/mhp/product/dual-momentum-investing-innovative-strategy-higher-returns-lower-risk.html,McGraw-Hill,Antonacci's book-length treatment of dual momentum (GEM); accessible statement of the full strategy and its evidence.
EN-092,working-ssrn,2015,Momentum and Markowitz: A Golden Combination,https://doi.org/10.2139/ssrn.2606884,SSRN working paper,Keller-Butler EAA: momentum plus correlation-aware weights ('golden combination') for multi-asset rotation.
EN-093,working-ssrn,2016,Protective Asset Allocation (PAA): A Simple Momentum-Based Alternative for Term Deposits,https://doi.org/10.2139/ssrn.2759734,SSRN Electronic Journal,Keller-Keuning PAA: breadth-based capital-preservation switch to bonds; blueprint for breadth on/off gates.
EN-094,working-ssrn,2017,Breadth Momentum and Vigilant Asset Allocation (VAA): Winning More by Losing Less,https://doi.org/10.2139/ssrn.3002624,SSRN Electronic Journal,Keller-Keuning VAA: aggressive dual momentum with breadth momentum crash protection; fast risk-off variant.
EN-095,journal,2018,Revisiting the Profitability of Market Timing with Moving Averages,https://doi.org/10.1111/irfi.12132,International Review of Finance,Zakamulin: revisits MA timing profitability with proper statistics; tempered conclusions on timing value.
EN-096,arxiv,2026,Continuous Timing Signals for Growth-Defensive Style Allocation,https://arxiv.org/abs/2605.20636,arXiv preprint,2026 arXiv: continuous timing signals for growth-vs-defensive style rotation; recent style-timing design.
EN-097,journal,2013,Can exchange traded funds be used to exploit industry and country momentum?,https://doi.org/10.1007/s11408-013-0207-8,Financial Markets and Portfolio Management,Andreu-Swinkels-Tjong-A-Tjoe: country and industry momentum are tradable with ETFs; feasibility check for ETF rotation.
EN-098,working-ssrn,2014,Price Dynamics and Liquidity of Exchange-Traded Funds,https://doi.org/10.2139/ssrn.2429509,SSRN Electronic Journal,Madhavan-Sobczyk: ETF price dynamics and staleness vs NAV; measurement issues when backtesting ETF closes.
EN-099,journal,2015,Momentum strategies with stock index exchange-traded funds,https://doi.org/10.1016/j.najef.2015.04.003,The North American Journal of Economics and Finance,Tse: momentum strategies implemented with index ETFs; costs and turnover of practical ETF momentum.
EN-100,working-ssrn,2017,Can ETFs Increase Market Fragility? Effect of Information Linkages in ETF Markets,https://doi.org/10.2139/ssrn.2740699,SSRN Electronic Journal,Bhattacharya-O'Hara: information linkages can make ETFs propagate shocks across markets (fragility).
EN-101,journal,2017,Is there a dark side to exchange traded funds? An information perspective,https://doi.org/10.1007/s11142-017-9400-8,Review of Accounting Studies,Israeli-Lee-Sridharan: ETF ownership can degrade underlying price informativeness; cost of the ETF wrapper.
EN-102,journal,2018,Do ETFs Increase Volatility?,https://doi.org/10.1111/jofi.12727,The Journal of Finance,Ben-David-Franzoni-Moussawi: ETF arbitrage propagates liquidity shocks and raises constituent volatility; ETF microstructure risk.
EN-103,journal,2018,Exchange traded funds and asset return correlations,https://doi.org/10.1111/eufm.12137,European Financial Management,Da-Shive: ETF trading raises return comovement of constituents; relevant to correlation filters in rotation books.
EN-104,journal,2020,Gauging the effectiveness of sector rotation strategies: evidence from the USA and Europe,https://doi.org/10.1057/s41260-020-00161-6,Journal of Asset Management,Alexiou-Tyagi: US/Europe sector-rotation strategies evaluated; evidence on what rotation logic survives costs.
EN-105,journal,2021,ETF Activity and Informational Efficiency of Underlying Securities,https://doi.org/10.1287/mnsc.2019.3427,Management Science,Glosten-Nallareddy-Zou: ETF activity improves short-horizon informational efficiency for small stocks.
EN-106,journal,2021,"ETF Arbitrage, Non-Fundamental Demand, and Return Predictability",https://doi.org/10.1093/rof/rfaa027,Review of Finance,Brown-Davies-Ringgenberg: ETF flows are non-fundamental demand whose reversal is predictable; flow-based signal and warning.
EN-107,journal,2021,Intraday arbitrage between ETFs and their underlying portfolios,https://doi.org/10.1016/j.jfineco.2021.04.023,Journal of Financial Economics,Box et al: intraday ETF-NAV arbitrage mechanics; how premiums/discounts close - relevant to fill quality.
EN-108,journal,2021,The Active World of Passive Investing,https://doi.org/10.1093/rof/rfab021,Review of Finance,Easley et al: 'passive' ETFs host highly active trading strategies; taxonomy of ETF use including rotation.
EN-109,arxiv,2021,Two-Stage Sector Rotation Methodology Using Machine Learning and Deep Learning Techniques,https://arxiv.org/abs/2108.02838,arXiv preprint,Karatas-Hirsa: two-stage ML sector-rotation methodology on sector ETFs; ML variant of the rotation problem.
EN-110,journal,2002,Contrarian and momentum strategies in the China stock market: 1993–2000,https://doi.org/10.1016/s0927-538x(02)00046-x,Pacific-Basin Finance Journal,Kang-Liu-Ni: first major contrarian/momentum study on A-shares (1993-2000); short-horizon reversal dominates.
EN-111,journal,2004,Profitability of return and volume-based investment strategies in China's stock market,https://doi.org/10.1016/j.pacfin.2003.12.002,Pacific-Basin Finance Journal,Wang-Chin: volume-conditioned momentum/reversal in China; early evidence volume changes everything.
EN-112,working-nber,2005,Speculative Trading and Stock Prices: Evidence from Chinese A-B Share Premia,https://doi.org/10.3386/w11362,NBER working paper,Mei-Scheinkman-Xiong: A-B share premia driven by speculative trading intensity; turnover as speculation proxy.
EN-113,journal,2008,Momentum strategies and stock returns: Chinese evidence,https://doi.org/10.1016/j.pacfin.2007.10.001,Pacific-Basin Finance Journal,Naughton et al: price momentum present in Shanghai stocks; one of the pro-momentum China datapoints.
EN-114,journal,2010,On the predictability of Chinese stock returns,https://doi.org/10.1016/j.pacfin.2010.04.003,Pacific-Basin Finance Journal,Chen et al: predictability of Chinese returns from fundamentals; early comprehensive A-share cross-section.
EN-115,journal,2011,"Momentum trading, mean reversal and overreaction in Chinese stock market",https://doi.org/10.1007/s11156-010-0206-z,Review of Quantitative Finance and Accounting,Wu: A-share momentum/reversal and overreaction decomposition; reversal-heavy conclusion.
EN-116,journal,2011,The Chinese Warrants Bubble,https://doi.org/10.1257/aer.101.6.2723,American Economic Review,Xiong-Yu: Chinese warrants bubble - textbook retail speculation; why crash overlays matter in A-share products.
EN-117,journal,2014,Momentum returns and information uncertainty: Evidence from China,https://doi.org/10.1016/j.pacfin.2014.10.002,Pacific-Basin Finance Journal,Cheema-Nartea: momentum exists in China conditional on information uncertainty; where A-share momentum hides.
EN-118,journal,2015,Shell Games: The Long-Term Performance of Chinese Reverse-Merger Firms,https://doi.org/10.2308/accr-50960,The Accounting Review,Lee-Li-Zhang: Chinese reverse-merger (shell) firm performance; the shell-value channel behind CH-3's size fix.
EN-119,journal,2015,Size and price-to-book effects: Evidence from the Chinese stock markets,https://doi.org/10.1016/j.pacfin.2015.02.003,Pacific-Basin Finance Journal,Hilliard-Zhang: size and price-to-book in A-shares; fundamental cross-section before CH-3.
EN-120,journal,2016,Speculative Trading and Stock Returns,https://doi.org/10.1093/rof/rfv059,Review of Finance,Pan-Tang-Xu: speculative trading explains many China return patterns; turnover-based mispricing channel.
EN-121,journal,2017,Cross-sectional stock return predictability in China,https://doi.org/10.1080/1351847x.2014.997369,The European Journal of Finance,"Cakici-Chan-Topyan: cross-sectional predictability in China A-shares; momentum weak, reversal and liquidity strong."
EN-122,journal,2017,Do extreme returns matter in emerging markets? Evidence from the Chinese stock market,https://doi.org/10.1016/j.jbankfin.2016.12.008,Journal of Banking & Finance,Nartea et al: MAX/extreme-return preference priced in China; lottery demand shapes A-share tails.
EN-123,journal,2017,"Momentum, idiosyncratic volatility and market dynamics: Evidence from China",https://doi.org/10.1016/j.pacfin.2017.09.001,Pacific-Basin Finance Journal,Cheema-Nartea: momentum vs idiosyncratic volatility and market states in China; regime dependence of A-share momentum.
EN-124,journal,2017,Time series momentum and contrarian effects in the Chinese stock market,https://doi.org/10.1016/j.physa.2017.04.139,Physica A: Statistical Mechanics and its Applications,Shi-Zhou: time-series momentum at short horizons flips to contrarian at long horizons in China; TSMOM-specific A-share evidence.
EN-125,journal,2018,Anomalies in Chinese A-Shares,https://doi.org/10.3905/jpm.2018.44.7.108,The Journal of Portfolio Management,"Hsu et al: which US anomalies replicate in A-shares - momentum fails, reversal/turnover work; anomaly map for China."
EN-126,journal,2019,Intraday momentum and reversal in Chinese stock market,https://doi.org/10.1016/j.frl.2019.04.002,Finance Research Letters,Chu-Gu-Zhou: intraday momentum in China's first/last half-hours; microstructure-level A-share momentum.
EN-127,journal,2019,Size and value in China,https://doi.org/10.1016/j.jfineco.2019.03.008,Journal of Financial Economics,Liu-Stambaugh-Yuan: CH-3 factors for China - shell-value distortion means size/value must be redefined; our factor baseline.
EN-128,journal,2020,Which is the better fourth factor in China? Reversal or turnover?,https://doi.org/10.1016/j.pacfin.2020.101347,Pacific-Basin Finance Journal,Lin-Huang et al: reversal beats turnover as China's fourth factor; ranking of A-share factor candidates.
EN-129,journal,2021,Anomalies in the China A-share market,https://doi.org/10.1016/j.pacfin.2021.101607,Pacific-Basin Finance Journal,Jansen et al: comprehensive A-share anomaly replication with local adjustments; updated China factor zoo.
EN-130,journal,2021,The real value of China's stock market,https://doi.org/10.1016/j.jfineco.2020.08.012,Journal of Financial Economics,Carpenter-Lu-Whitelaw: A-share price informativeness has risen to US levels; China market efficiency context.
EN-131,journal,2022,A new momentum measurement in the Chinese stock market,https://doi.org/10.1016/j.pacfin.2022.101759,Pacific-Basin Finance Journal,Li et al: new momentum measurement tailored to China's short-cycle market; alternative signal definition.
EN-132,journal,2022,Corporate actions and the manipulation of retail investors in China: An analysis of stock splits,https://doi.org/10.1016/j.jfineco.2021.09.018,Journal of Financial Economics,Titman-Wei-Zhao: stock-split manipulation around SEOs in China; corporate actions can fake momentum signals.
EN-133,journal,2022,Machine learning in the Chinese stock market,https://doi.org/10.1016/j.jfineco.2021.08.017,Journal of Financial Economics,Leippold-Wang-Zhou: ML return prediction in China - retail dominance makes liquidity/vol signals strongest; direct A-share evidence.
EN-134,journal,2022,"Momentum, Reversals, and Investor Clientele",https://doi.org/10.1093/rof/rfac010,Review of Finance,Chui-Subrahmanyam-Titman: momentum/reversal depend on investor clientele - key to China's reversal dominance.
EN-135,journal,2022,Price overreaction to up-limit events and revised momentum strategies in the Chinese stock market,https://doi.org/10.1016/j.econmod.2022.105910,Economic Modelling,Liu-Wu-Zhu: up-limit (limit-up) events cause overreaction; revised momentum strategies that avoid limit distortion - T+1 relevant.
EN-136,journal,2023,"Momentum effect and contrarian effect in China's A-share market, under registration-based system",https://doi.org/10.1016/j.pacfin.2023.102126,Pacific-Basin Finance Journal,Huang et al 2023: momentum vs contrarian effects under the registration-based IPO reform; the post-2019 regime we trade in.
EN-137,arxiv,2024,Analyst Reports and Stock Performance: Evidence from the Chinese Market,https://arxiv.org/abs/2411.08726,arXiv preprint,2024 arXiv: analyst-report tone predicts A-share performance; text-based alternative signal for China.
EN-138,journal,2024,Dissecting the Long-Term Performance of the Chinese Stock Market,https://doi.org/10.1111/jofi.13312,The Journal of Finance,Allen et al 2024 JF: dissects why Chinese listed-market long-run returns lagged GDP growth; the A-share base-rate context.
EN-139,arxiv,2024,Enhancement of Price Trend Trading Strategies via Image-Induced Importance Weights,https://arxiv.org/abs/2408.08483,arXiv preprint,2024 arXiv: image-induced importance weights improve price-trend strategies in Chinese data.
EN-140,journal,2024,Factor momentum in the Chinese stock market,https://doi.org/10.1016/j.jempfin.2023.101458,Journal of Empirical Finance,Ma-Liao-Jiang 2024: factor momentum exists in China and subsumes stock momentum; factor-rotation evidence for A-shares.
EN-141,arxiv,2025,Replication of Reference-Dependent Preferences and the Risk-Return Trade-Off in China,https://arxiv.org/abs/2505.20608,arXiv preprint,2025 arXiv: replication of reference-dependent preference (CGO) effects and risk-return trade-off in China.
EN-142,journal,2006,The Cross-Section of Volatility and Expected Returns,https://doi.org/10.1111/j.1540-6261.2006.00836.x,The Journal of Finance,Ang et al: IVOL puzzle - high idiosyncratic vol predicts low returns; interacts with momentum screens.
EN-143,journal,2012,The short of it: Investor sentiment and anomalies,https://doi.org/10.1016/j.jfineco.2011.12.001,Journal of Financial Economics,Stambaugh-Yu-Yuan: anomalies strongest after high sentiment via overpriced short legs; sentiment conditioning framework.
EN-144,journal,2015,Arbitrage Asymmetry and the Idiosyncratic Volatility Puzzle,https://doi.org/10.1111/jofi.12286,The Journal of Finance,Stambaugh-Yu-Yuan: arbitrage asymmetry explains the IVOL puzzle; mispricing-side interpretation of anomalies.
EN-145,journal,2016,Does Academic Research Destroy Stock Return Predictability?,https://doi.org/10.1111/jofi.12365,The Journal of Finance,McLean-Pontiff: anomaly returns decay ~50% post-publication; expected live-vs-backtest haircut.
EN-146,journal,2016,… and the Cross-Section of Expected Returns,https://doi.org/10.1093/rfs/hhv059,Review of Financial Studies,Harvey-Liu-Zhu: multiple-testing haircut for factor discoveries (t>3); the standard our backtests should be judged by.
EN-147,journal,2018,Market intraday momentum,https://doi.org/10.1016/j.jfineco.2018.05.009,Journal of Financial Economics,Gao et al: first-half-hour return predicts last-half-hour; intraday momentum benchmark (relevant to close-fill timing).
EN-148,journal,2019,The cross-section of emerging market stock returns,https://doi.org/10.1016/j.ememar.2018.11.009,Emerging Markets Review,Hanauer-Lauterbach: EM factor premia comparison; momentum robust in EM ex-China.
EN-149,journal,2020,Empirical Asset Pricing via Machine Learning,https://doi.org/10.1093/rfs/hhaa009,The Review of Financial Studies,Gu-Kelly-Xiu: ML for asset pricing; momentum-family signals dominate importance rankings - method template.
EN-150,journal,2020,Replicating Anomalies,https://doi.org/10.1093/rfs/hhy131,The Review of Financial Studies,Hou-Xue-Zhang: most anomalies fail replication with microcap controls; momentum survives - bar for our claims.
EN-151,journal,2022,"Expected return, volume, and mispricing",https://doi.org/10.1016/j.jfineco.2021.05.014,Journal of Financial Economics,Han et al: volume amplifies mispricing correction vs continuation; volume-conditioned momentum theory.
EN-152,journal,2023,Is There a Replication Crisis in Finance?,https://doi.org/10.1111/jofi.13249,The Journal of Finance,Jensen-Kelly-Pedersen: Bayesian replication says most factors are real but shrunk; balanced replication verdict.
EN-153,journal,2023,Machine Learning vs. Economic Restrictions: Evidence from Stock Return Predictability,https://doi.org/10.1287/mnsc.2022.4449,Management Science,"Avramov-Cheng-Metzker: ML alphas shrink under economic restrictions (costs, shorting); realistic ML expectations."
EN-154,journal,2023,Machine learning and the cross-section of emerging market stock returns,https://doi.org/10.1016/j.ememar.2023.101022,Emerging Markets Review,Hanauer et al: ML cross-section in emerging markets; momentum/reversal features matter most.
EN-155,journal,2013,Standing Out From the Crowd: Measuring Crowding in Quantitative Strategies,https://doi.org/10.3905/jpm.2013.39.4.014,The Journal of Portfolio Management,Cahan-Luo: practitioner crowding dashboard for quant signals; early warning indicators.
EN-156,journal,2014,The Growth and Limits of Arbitrage: Evidence from Short Interest,https://doi.org/10.1093/rfs/hht066,Review of Financial Studies,Hanson-Sunderam: short interest reveals arbitrage capital allocation; capacity of anomaly strategies.
EN-157,journal,2015,"Smart money, dumb money, and capital market anomalies",https://doi.org/10.1016/j.jfineco.2015.07.003,Journal of Financial Economics,"Akbas et al: dumb money flows amplify anomalies, smart money attenuates; flow-based crowding channel."
EN-158,working-ssrn,2015,The Capacity of Trading Strategies,https://doi.org/10.2139/ssrn.2585399,SSRN Electronic Journal,Landier-Simon-Thesmar: strategy capacity estimation under price impact; how big before alpha dies.
EN-159,journal,2019,Crowded Trades: Implications for Sector Rotation and Factor Timing,https://doi.org/10.3905/jpm.2019.45.5.046,The Journal of Portfolio Management,Kinlaw-Kritzman-Turkington: centrality-based crowding measure for sector rotation and factor timing.
EN-160,working-ssrn,2020,Zooming In on Equity Factor Crowding,https://doi.org/10.2139/ssrn.3518404,SSRN working paper,CFM: order-flow imprints of factor crowding - momentum rebalancing is 1-2% of flow and rising; direct crowding measurement.
EN-161,journal,2022,Comomentum: Inferring Arbitrage Activity from Return Correlations,https://doi.org/10.1093/rfs/hhab117,The Review of Financial Studies,Lou-Polk comomentum: high momentum-crowd correlation predicts crashes and reversal; the crowding metric for momentum books.
EN-162,journal,2022,When do systematic strategies decay?,https://doi.org/10.1080/14697688.2022.2098810,Quantitative Finance,Falck-Rej-Thesmar: systematic strategy Sharpe decays after discovery/publication; decay curve estimates.
EN-163,working-ssrn,2023,Crowded Spaces and Anomalies,https://doi.org/10.2139/ssrn.4618248,SSRN working paper,2023-24 SSRN: anomaly returns concentrate in crowded stocks and raise crash risk; crowding as limit-to-arbitrage.
EN-164,working-ssrn,2024,Dynamics of Factor Crowding,https://doi.org/10.2139/ssrn.5023380,SSRN working paper,Hua-Sun 2024 SSRN: cross-sectional and temporal dynamics of factor crowding; barriers-to-entry taxonomy.
EN-165,journal,2025,Can Competition Increase Profits in Factor Investing?,https://doi.org/10.1287/mnsc.2022.02684,Management Science,DeMiguel-Martin-Utrera-Uppal: competition for factor profits and liquidity provision; equilibrium crowding effects.
EN-166,arxiv,2025,"Not All Factors Crowd Equally: Modeling, Measuring, and Trading on Alpha Decay",https://arxiv.org/abs/2512.11913,arXiv preprint,"2025 arXiv: hyperbolic alpha-decay law for crowded mechanical factors (momentum); crowding predicts crashes, not means."
EN-167,arxiv,2026,Is Trend Still Your Friend? A Microstructural Account of the Demise of Short-Term Trend,https://arxiv.org/abs/2607.01550,arXiv preprint,2026 arXiv (CFM): microstructural account of short-term trend's demise - crowding killed the fast signal.
EN-168,journal,2007,The Volatility Effect,https://doi.org/10.3905/jpm.2007.698039,The Journal of Portfolio Management,Blitz-van Vliet: the volatility effect - low-vol stocks match returns with less risk; defensive sleeve rationale.
EN-169,journal,2012,Leverage Aversion and Risk Parity,https://doi.org/10.2469/faj.v68.n1.1,Financial Analysts Journal,Asness-Frazzini-Pedersen: risk parity as leverage-aversion payoff; balanced-risk allocation logic.
EN-170,journal,2014,Betting against beta,https://doi.org/10.1016/j.jfineco.2013.10.005,Journal of Financial Economics,Frazzini-Pedersen: leverage-constrained investors overpay for beta; why low-beta/defensive sleeves earn premia.
EN-171,journal,2015,Investing with Style,https://joim.com/article/investing-with-style/,Journal of Investment Management,Asness-Ilmanen-Israel-Moskowitz: value/momentum/carry/defensive as implementable style premia; portfolio-construction guide.
EN-172,journal,2018,Carry,https://doi.org/10.1016/j.jfineco.2017.11.002,Journal of Financial Economics,"Koijen et al: carry generalized to all asset classes, complements momentum; cross-signal diversification."
EN-173,working-ssrn,2019,Factor Premia and Factor Timing: A Century of Evidence,https://doi.org/10.2139/ssrn.3400998,SSRN Electronic Journal,Ilmanen et al: century of factor premia across markets and the (limited) scope for factor timing.
EN-174,journal,2021,Global factor premiums,https://doi.org/10.1016/j.jfineco.2021.06.030,Journal of Financial Economics,Baltussen-Swinkels-van Vliet: global multi-asset factor premia over 200 years incl. trend and momentum; deep-sample priors.
EN-175,journal,2004,Are Momentum Profits Robust to Trading Costs?,https://doi.org/10.1111/j.1540-6261.2004.00656.x,The Journal of Finance,Korajczyk-Sadka: momentum survives costs up to multi-billion capacity depending on trade style; capacity math.
EN-176,journal,2004,The illusory nature of momentum profits,https://doi.org/10.1016/s0304-405x(03)00206-x,Journal of Financial Economics,Lesmond-Schill-Zhou: momentum profits concentrated in high-cost stocks; the pessimistic cost case.
EN-177,journal,2016,A Taxonomy of Anomalies and Their Trading Costs,https://doi.org/10.1093/rfs/hhv063,Review of Financial Studies,Novy-Marx-Velikov: anomaly-by-anomaly cost taxonomy and mitigation rules; momentum turnover management.
EN-178,working-ssrn,2018,Trading Costs,https://doi.org/10.2139/ssrn.3229719,SSRN working paper,Frazzini-Israel-Moskowitz: live AQR trading data - real costs far below academic estimates; optimistic counterpoint.
EN-179,journal,2020,What you see is not what you get: The costs of trading market anomalies,https://doi.org/10.1016/j.jfineco.2020.02.012,Journal of Financial Economics,Patton-Weller: implementation shortfall of anomalies in live funds; what you see is not what you get.
EN-180,journal,2023,Zeroing In on the Expected Returns of Anomalies,https://doi.org/10.1017/s0022109022000874,Journal of Financial and Quantitative Analysis,Chen-Velikov: expected returns of anomalies net of costs shrink toward zero post-publication; final word on net alpha.
EN-181,arxiv,2019,Enhancing Time Series Momentum Strategies Using Deep Neural Networks,https://arxiv.org/abs/1904.04912,arXiv preprint,Lim-Zohren-Roberts: deep networks that learn TSMOM sizing end-to-end; the DMN baseline.
EN-182,arxiv,2021,Slow Momentum with Fast Reversion: A Trading Strategy Using Deep Learning and Changepoint Detection,https://arxiv.org/abs/2105.13727,arXiv preprint,Wood et al: changepoint detection module makes slow momentum robust to fast reversion; nonstationarity handling.
EN-183,arxiv,2021,Trading with the Momentum Transformer: An Intelligent and Interpretable Architecture,https://arxiv.org/abs/2112.08534,arXiv preprint,Momentum Transformer: attention-based architecture beating LSTM DMNs with interpretable regimes.
EN-184,arxiv,2023,Constructing Time-Series Momentum Portfolios with Deep Multi-Task Learning,https://arxiv.org/abs/2306.13661,arXiv preprint,Ong-Herremans: multi-task deep learning for TSMOM portfolio construction.
EN-185,arxiv,2023,Few-Shot Learning Patterns in Financial Time-Series for Trend-Following Strategies,https://arxiv.org/abs/2310.10500,arXiv preprint,Few-shot pattern learning for trend strategies; adapting to regime scarcity.
EN-186,arxiv,2024,DeepUnifiedMom: Unified Time-series Momentum Portfolio Construction via Multi-Task Learning,https://arxiv.org/abs/2406.08742,arXiv preprint,DeepUnifiedMom: unified multi-task momentum portfolios across horizons.
EN-187,arxiv,2025,Follow the Leader: Enhancing Systematic Trend-Following Using Network Momentum,https://arxiv.org/abs/2501.07135,arXiv preprint,Network momentum: cross-asset lead-lag graphs enhance trend following.
EN-188,arxiv,2025,TrendFolios: A Portfolio Construction Framework for Utilizing Momentum and Trend-Following,https://arxiv.org/abs/2506.09330,arXiv preprint,TrendFolios: portfolio construction framework combining momentum and trend signals.
EN-189,arxiv,2026,Be Water: An Evolutionary Proof for Trend-Following,https://arxiv.org/abs/2603.29593,arXiv preprint,2026: evolutionary/adaptive argument for why trend following persists; theory of survival.
EN-190,arxiv,2026,Systematic Trend-Following with Adaptive Portfolio Construction,https://arxiv.org/abs/2602.11708,arXiv preprint,2026: adaptive portfolio construction layered on systematic trend; construction-vs-signal decomposition.
